项目编号,项目名称,是否售前,是否在原86清单
QAGD-SS-202508149002,天津滨海新区建投轨道交通建设有限公司MLC安全部分配置单,否,是
WSGF-SS-202504179005,票交所2025安服需求项目配置单,否,是
WSGF-SS-202505159006,新奥能源工控设备项目+防火墙、探针配置单,否,是
WSGF-SS-202508139028,2025年工商银行全行防火墙实施管理服务项目配置单,否,是
WSGF-SS-202509059027,廊坊银行终端杀毒项目+天擎配置单,否,是
WSGF-SS-202509229053,渤海银行分行天眼订单2025配置单,否,是
WSGF-SS-202510299014,长春市局-办公室-705配置单,否,是
WSGF-SS-202512269035,2025年邮政集团天擎采购项目配置单,否,是
WSGF-SS-202601129002,恒安标准天擎维保服务项目配置单,否,是
WSGF-SS-202601279007,联通沃音乐+云网资源新增项目（广州网络信息安全部分）+日志审计+天眼配置单,否,是
WSGF-SS-202602269007,天翼安全2025年威胁情报项目交付成本增补订单配置单,否,是
WSGF-SS-202603119001,玉锋实业集团有限公司-数采网网络安全加固交付实施配置单,否,是
WSGF-SS-202603239017,GAB终端安全试点专项——北京市GA局人员提前实施项目配置单,否,是
WSGF-SS-202603309008,银河证券-天擎维保加驻场配置单,否,是
WSGF-SS-202604169018,广东天普生化医药股份有限公司-防火墙与网关配置单,否,否
WSGF-SS-202604249012,2026年上海银行天擎及准入例行巡检服务配置单,否,是
WSGF-SS-202604279007,联通云-GC专项新建工程配置单,否,是
WSGF-SS-202605089016,2026年建行天擎项目技术支持-（提前立项）配置单,否,是
WSGF-SS-202605229028,2025年网联清算零信任定制开发配置单,否,是
WSGF-SS-202605269009,新奥能源工控设备备货+防火墙配置单,否,是
WSGF-SS-202605289010,移动集团信网部运维支撑配置单,否,是
WSGF-SS-202606019006,资产一本账项目建设配置单,否,是
WSGF-SS-202606119022,太保安全运营平台三期定开需求+SOC配置单,否,是
WSGF-SS-202606159029,工商银行宁波分行态势感知设备采购配置单,否,否
WSGF-SS-202606169010,承德政务云-冀盾-云租户安全服务配置单,否,否
WSGF-TS-202407100001,首钢集团天擎迁移项目,否,是
WSGF-TS-202407100003,北京燃气天擎迁移项目,否,是
WSGF-TS-202407250001,国网辽宁电力终端天擎V6跃迁V10,否,是
WSGF-TS-202410230001,北京科锐国际人力资源股份有限公司天擎V6升级V10项目,否,是
WSGF-TS-202503210008,深圳供电局v6升v10,否,是
WSGF-TS-202503210009,南网调峰调频v6升v10,否,是
WSGF-TS-202503240006,中国石油化工股份有限公司镇海炼化分公司天擎跃迁,否,是
WSGF-TS-202503240007,天擎V6跃迁,否,是
WSGF-TS-202503280002,上海电力天擎升级,否,是
WSGF-TS-202503310001,天擎续保采购项目,否,是
WSGF-TS-202503310003,宁波市江北区教育局天擎跃迁,否,是
WSGF-TS-202503310005,天擎续保采购项目,否,是
WSGF-TS-202503310006,天擎续保采购项目,否,是
WSGF-TS-202503310007,上海银行V6跃迁V10,否,是
WSGF-TS-202503310008,天擎续保采购项目,否,是
WSGF-TS-202504100001,2025年华兴银行天擎V6跃迁V10项目,否,是
WSGF-TS-202505140001,中石化宁波工程有限公司天擎跃迁,否,是
WSGF-TS-202507280001,北京市公安局V6跃迁V10专项,否,是
WSGF-TS-202512050001,白城市公安局V6跃迁V10项目,否,是
WSGF-TS-202601120001,中国南方电网有限责任公司超高压输电公司天擎V6跃迁天擎V10项目,否,是
WSGF-TS-202602050001,东北证券股份有限公司V6跃迁V10项目,否,是
WSGF-TS-202605180001,南网科技终端安全升级项目,否,是
WSGF-TS-202605290001,‌广东电网有限责任公司广州供电局天擎V6跃迁天擎V10项目,否,是
XS20181226000072,河北省气象局系统NGSOC项目-态势感知,否,是
XS20190307000025,【鄂尔多斯互联网+项目】云安全服务,否,是
XS20190613000060,京东云半年框架采购-2合同,否,是
WSFG-SF-202410140295,售前服务-中国农业发展银行-202410140295,是,否
WSFG-SF-202410140341,售前服务-长城汽车股份有限公司-202410140341,是,否
WSFG-SF-202410140423,售前服务-中国联合网络通信有限公司辽宁省分公司-202410140423,是,否
WSFG-SF-202410140441,售前服务-光大兴陇信托有限责任公司-202410140441,是,否
WSGF-SF-202301100378,售前服务-天翼云科技有限公司-202301100378,是,否
WSGF-SF-202301100425,售前服务-中银金融商务有限公司-202301100425,是,是
WSGF-SF-202304190164,售前服务-中汇信息技术（上海）有限公司-202304190164,是,否
WSGF-SF-202304190201,售前服务-京东科技集团-202304190201,是,否
WSGF-SF-202310250037,售前服务-中国联合网络通信有限公司辽宁省分公司-202310250037,是,是
WSGF-SF-202310250063,售前服务-特斯联科技集团有限公司-202310250063,是,否
WSGF-SF-202310250097,售前服务-交通银行股份有限公司西藏自治区分行-202310250097,是,否
WSGF-SF-202310250651,售前服务-宁波市生态环境局-202310250651,是,是
WSGF-SF-202311030032,售前服务-中国联合网络通信有限公司辽宁省分公司-202311030032,是,是
WSGF-SF-202311030035,售前服务-中国邮政储蓄银行股份有限公司上海分行-202311030035,是,是
WSGF-SF-202311030114,售前服务-中国农业银行股份有限公司-202311030114,是,是
WSGF-SF-202401300130,售前服务-中国移动通信集团北京有限公司-202401300130,是,否
WSGF-SF-202401300526,售前服务-吉林省公安厅-202401300526,是,是
WSGF-SF-202401300531,售前服务-长春市公安局-202401300531,是,是
WSGF-SF-202407170134,售前服务-山东新和成控股有限公司-202407170134,是,否
WSGF-SF-202407170355,售前服务-中国电信股份有限公司衢州分公司-202407170355,是,否
WSGF-SF-202502100019,售前服务-台州市卫生健康委员会-202502100019,是,否
WSGF-SF-202502100074,售前服务-天翼安全科技有限公司-202502100074,是,否
WSGF-SF-202502100075,售前服务-天翼安全科技有限公司-202502100075,是,否
WSGF-SF-202502100166,售前服务-沈阳市大数据管理中心（沈阳市信息中心、沈阳市信用中心）-202502100166,是,否
WSGF-SF-202502100199,售前服务-浙江长龙航空有限公司-202502100199,是,否
WSGF-SF-202502100209,售前服务-上海浦东发展银行股份有限公司-202502100209,是,否
WSGF-SF-202502100259,售前服务-中国移动通信集团广东有限公司湛江分公司-202502100259,是,是
WSGF-SF-202502100261,售前服务-中国移动通信集团广东有限公司汕头分公司-202502100261,是,否
WSGF-SF-202502100315,售前服务-中国建设银行股份有限公司-202502100315,是,否
WSGF-SF-202502100317,售前服务-中国联合网络通信有限公司河北省分公司-202502100317,是,否
WSGF-SF-202502100319,售前服务-中国移动通信集团有限公司广东分公司-202502100319,是,是
WSGF-SF-202502100357,售前服务-中国农业银行股份有限公司-202502100357,是,否
WSGF-SF-202502100388,售前服务-唐山市丰润区城乡水务集团有限公司-202502100388,是,是
WSGF-SF-202502100403,售前服务-上海银行股份有限公司-202502100403,是,否
WSGF-SF-202502100437,售前服务-中移动信息技术有限公司-202502100437,是,否
WSGF-SF-202502100571,售前服务-中国电信股份有限公司-202502100571,是,否
WSGF-SF-202502100605,售前服务-国网河北省电力有限公司-202502100605,是,否
WSGF-SF-202502100676,售前服务-中国工商银行股份有限公司万象分行-202502100676,是,否
WSGF-SF-202502100723,售前服务-中国证券业协会-202502100723,是,是
WSGF-SF-202502100804,售前服务-中钞信用卡产业发展有限公司-202502100804,是,否
WSGF-SF-202502100857,售前服务-天翼安全科技有限公司-202502100857,是,否
WSGF-SF-202502100869,售前服务-交通银行股份有限公司-202502100869,是,否
WSGF-SF-202502100876,售前服务-北京市广播电视监测中心（北京市广播电视安全播出调度中心）-202502100876,是,否
WSGF-SF-202502100891,售前服务-中国证券登记结算有限责任公司-202502100891,是,否
WSGF-SF-202502100923,售前服务-Bank of China Limited  IT Center Europe-202502100923,是,否
WSGF-SF-202504220097,售前服务-广东电网有限责任公司珠海供电局-202504220097,是,否
WSGF-SF-202504220143,售前服务-中国期货市场监控中心有限责任公司-202504220143,是,是
WSGF-SF-202504220267,售前服务-天翼安全科技有限公司-202504220267,是,否
WSGF-SF-202504220270,售前服务-昆仑银行股份有限公司-202504220270,是,否
WSGF-SF-202504220309,售前服务-昆仑银行股份有限公司-202504220309,是,否
WSGF-SF-202504220314,售前服务-广发银行股份有限公司-202504220314,是,否
WSGF-SF-202504220335,售前服务-上海资信有限公司-202504220335,是,否
WSGF-SF-202504220343,售前服务-兴业证券股份有限公司-202504220343,是,否
WSGF-SF-202504220356,售前服务-临江市公安局-202504220356,是,否
WSGF-SF-202504220405,售前服务-中国移动通信集团广东有限公司广州分公司-202504220405,是,否
WSGF-SF-202507140009,售前服务-中国工商银行股份有限公司-202507140009,是,是
WSGF-SF-202507140011,售前服务-中国光大银行股份有限公司-202507140011,是,否
WSGF-SF-202507140015,售前服务-中国工商银行股份有限公司-202507140015,是,否
WSGF-SF-202507140045,售前服务-中国工商银行股份有限公司-202507140045,是,否
WSGF-SF-202507140058,售前服务-华大半导体有限公司-202507140058,是,否
WSGF-SF-202507140124,售前服务-太平洋证券股份有限公司-202507140124,是,否
WSGF-SF-202507140137,售前服务-长三角金融科技有限公司-202507140137,是,否
WSGF-SF-202507140181,售前服务-国民养老保险股份有限公司-202507140181,是,否
WSGF-SF-202507140209,售前服务-中国电信集团有限公司广东分公司-202507140209,是,是
WSGF-SF-202507140305,售前服务-交通银行股份有限公司-202507140305,是,否
WSGF-SF-202507140397,售前服务-中国移动通信集团广东有限公司肇庆分公司-202507140397,是,否
WSGF-SF-202507140420,售前服务-中国移动通信集团广东有限公司广州分公司-202507140420,是,是
WSGF-SF-202507140430,售前服务-中国移动通信集团广东有限公司韶关分公司-202507140430,是,是
WSGF-SF-202507140435,售前服务-中国移动通信集团广东有限公司珠海分公司-202507140435,是,是
WSGF-SF-202507140440,售前服务-中国移动通信集团广东有限公司河源分公司-202507140440,是,是
WSGF-SF-202507140489,售前服务-物产中大（浙江）能源科技有限公司-202507140489,是,否
WSGF-SF-202507140491,售前服务-宁波银行股份有限公司-202507140491,是,否
WSGF-SF-202507140492,售前服务-中国矿产资源集团舟山发展有限公司-202507140492,是,否
WSGF-SF-202507140509,售前服务-中国建设银行股份有限公司-202507140509,是,否
WSGF-SF-202507140520,售前服务-国家外汇管理局中央外汇业务中心-202507140520,是,否
WSGF-SF-202507140544,售前服务-太平洋证券股份有限公司-202507140544,是,否
WSGF-SF-202507140552,售前服务-中邮创业基金管理股份有限公司-202507140552,是,否
WSGF-SF-202507140554,售前服务-中国铁路哈尔滨局集团有限公司-202507140554,是,否
WSGF-SF-202507140555,售前服务-北京金山软件有限公司-202507140555,是,否
WSGF-SF-202507140581,售前服务-中钞数字信息科技（北京）有限公司-202507140581,是,否
WSGF-SF-202507140598,售前服务-中国联合网络通信有限公司河北省分公司-202507140598,是,否
WSGF-SF-202507140604,售前服务-昆仑银行股份有限公司-202507140604,是,否
WSGF-SF-202507140623,售前服务-联通数字科技有限公司-202507140623,是,否
WSGF-SF-202507140629,售前服务-中州期货有限公司-202507140629,是,是
WSGF-SF-202507140630,售前服务-广东顺德农村商业银行股份有限公司-202507140630,是,否
WSGF-SF-202507140642,售前服务-天翼安全科技有限公司-202507140642,是,否
WSGF-SF-202507140666,售前服务-中国移动通信集团北京有限公司-202507140666,是,否
WSGF-SF-202507140673,售前服务-北京沃东天骏信息技术有限公司-202507140673,是,否
WSGF-SF-202507140674,售前服务-北京京东叁佰陆拾度电子商务有限公司-202507140674,是,否
WSGF-SF-202507140697,售前服务-南宫市人民医院-202507140697,是,否
WSGF-SF-202507140739,售前服务-工银安盛人寿保险有限公司-202507140739,是,否
WSGF-SF-202507140746,售前服务-中国邮政储蓄银行股份有限公司-202507140746,是,否
WSGF-SF-202507140761,售前服务-工银安盛人寿保险有限公司-202507140761,是,否
WSGF-SF-202507140766,售前服务-中国银行股份有限公司-202507140766,是,否
WSGF-SF-202507140796,售前服务-中国电信股份有限公司-202507140796,是,否
WSGF-SF-202507140810,售前服务-中国电信股份有限公司-202507140810,是,否
WSGF-SF-202507140825,售前服务-浙江省公安厅-202507140825,是,否
WSGF-SF-202507140876,售前服务-大庆油田有限责任公司数智技术公司-202507140876,是,否
WSGF-SF-202507140884,售前服务-广东电力通信科技有限公司-202507140884,是,否
WSGF-SF-202507140999,售前服务-中国移动通信集团广东有限公司惠州分公司-202507140999,是,是
WSGF-SF-202507150025,售前服务-北京金山云网络技术有限公司-202507150025,是,否
WSGF-SF-202507150028,售前服务-中国移动通信集团广东有限公司茂名分公司-202507150028,是,否
WSGF-SF-202507150032,售前服务-中国移动通信集团广东有限公司汕头分公司-202507150032,是,是
WSGF-SF-202507150033,售前服务-中国移动通信集团广东有限公司湛江分公司-202507150033,是,是
WSGF-SF-202507150034,售前服务-中国联合网络通信有限公司河北省分公司-202507150034,是,否
WSGF-SF-202507150035,售前服务-中国移动通信集团广东有限公司揭阳分公司-202507150035,是,否
WSGF-SF-202507150045,售前服务-中国移动通信集团广东有限公司湛江分公司-202507150045,是,是
WSGF-SF-202507150048,售前服务-中国移动通信集团广东有限公司江门分公司-202507150048,是,是
WSGF-SF-202507150081,售前服务-白山市公安局-202507150081,是,否
WSGF-SF-202510150008,售前服务-浦银金融租赁股份有限公司-202510150008,是,否
WSGF-SF-202510150010,售前服务-上海农村商业银行股份有限公司-202510150010,是,否
WSGF-SF-202510150016,售前服务-珠海金山办公软件有限公司-202510150016,是,否
WSGF-SF-202510150018,售前服务-深圳市视波信息科技有限公司-202510150018,是,否
WSGF-SF-202510150031,售前服务-深圳金融科技有限公司-202510150031,是,否
WSGF-SF-202510150042,售前服务-中信银行股份有限公司-202510150042,是,否
WSGF-SF-202510150051,售前服务-光大证券股份有限公司-202510150051,是,否
WSGF-SF-202510150062,售前服务-京东科技集团-202510150062,是,是
WSGF-SF-202510150081,售前服务-广发银行股份有限公司-202510150081,是,否
WSGF-SF-202510150098,售前服务-中信银行股份有限公司-202510150098,是,否
WSGF-SF-202510150188,售前服务-天津港第二集装箱码头有限公司-202510150188,是,否
WSGF-SF-202510150192,售前服务-中国移动通信集团辽宁有限公司-202510150192,是,否
WSGF-SF-202510150213,售前服务-中国银行股份有限公司-202510150213,是,否
WSGF-SF-202510150236,售前服务-京东集团-202510150236,是,否
WSGF-SF-202510150275,售前服务-中车唐山机车车辆有限公司-202510150275,是,否
WSGF-SF-202510150279,售前服务-中国工商银行股份有限公司广东省分行-202510150279,是,是
WSGF-SF-202510150299,售前服务-中国期货业协会-202510150299,是,否
WSGF-SF-202510150313,售前服务-国寿安保基金管理有限公司-202510150313,是,否
WSGF-SF-202510150323,售前服务-城银清算服务有限责任公司-202510150323,是,否
WSGF-SF-202510150334,售前服务-天弘基金管理有限公司-202510150334,是,否
WSGF-SF-202510150342,售前服务-吉林省高速公路集团有限公司-202510150342,是,否
WSGF-SF-202510150348,售前服务-浙商银行股份有限公司-202510150348,是,否
WSGF-SF-202510150370,售前服务-阳光保险集团股份有限公司-202510150370,是,否
WSGF-SF-202510150373,售前服务-台州恩泽医疗中心（集团）-202510150373,是,否
WSGF-SF-202510150374,售前服务-全国中小企业股份转让系统有限责任公司-202510150374,是,否
WSGF-SF-202510150584,售前服务-广发证券股份有限公司-202510150584,是,否
WSGF-SF-202510150590,售前服务-腾讯云计算（北京）有限责任公司-202510150590,是,否
WSGF-SF-202510150617,售前服务-光大金瓯资产管理有限公司-202510150617,是,否
WSGF-SF-202510150618,售前服务-辽宁省社会发展研究中心-202510150618,是,否
WSGF-SF-202510150633,售前服务-SS-Guangdong-202510150633,是,是
WSGF-SF-202510150689,售前服务-岭南文化研究中心-202510150689,是,是
WSGF-SF-202510150690,售前服务-中国农业银行股份有限公司-202510150690,是,否
WSGF-SF-202510150734,售前服务-中国光大银行股份有限公司信用卡中心-202510150734,是,否
WSGF-SF-202510150749,售前服务-石家庄市公安局-202510150749,是,否
WSGF-SF-202510150756,售前服务-中国光大银行股份有限公司-202510150756,是,否
WSGF-SF-202510150936,售前服务-中国民生银行股份有限公司-202510150936,是,否
WSGF-SF-202601160005,售前服务-交通银行股份有限公司四川省分行-202601160005,是,否
WSGF-SF-202601160014,售前服务-华鑫证券有限责任公司-202601160014,是,否
WSGF-SF-202601160018,售前服务-中移动信息技术有限公司-202601160018,是,否
WSGF-SF-202601160021,售前服务-财通证券股份有限公司-202601160021,是,否
WSGF-SF-202601160023,售前服务-中国银行保险信息技术管理有限公司-202601160023,是,否
WSGF-SF-202601160034,售前服务-渣打银行（中国）有限公司-202601160034,是,否
WSGF-SF-202601160036,售前服务-华夏银行股份有限公司北京分行-202601160036,是,否
WSGF-SF-202601160038,售前服务-中国工商银行有限公司土耳其分行-202601160038,是,否
WSGF-SF-202601160042,售前服务-中证数据有限责任公司-202601160042,是,否
WSGF-SF-202601160050,售前服务-交通银行股份有限公司山东省分行-202601160050,是,否
WSGF-SF-202601160058,售前服务-天津市住房和城乡建设发展服务中心-202601160058,是,否
WSGF-SF-202601160059,售前服务-中国民生银行股份有限公司-202601160059,是,否
WSGF-SF-202601160064,售前服务-中国民生银行股份有限公司信用卡中心-202601160064,是,否
WSGF-SF-202601160095,售前服务-上海复星医药（集团）股份有限公司-202601160095,是,是
WSGF-SF-202601160106,售前服务-交通银行股份有限公司广西壮族自治区分行-202601160106,是,否
WSGF-SF-202601160108,售前服务-北京九章云极科技有限公司-202601160108,是,否
WSGF-SF-202601160115,售前服务-工银金融租赁有限公司-202601160115,是,否
WSGF-SF-202601160125,售前服务-中海油信息科技有限公司天津分公司-202601160125,是,否
WSGF-SF-202601160129,售前服务-中国工商银行股份有限公司贵州省分行-202601160129,是,否
WSGF-SF-202601160131,售前服务-交通银行股份有限公司江西省分行-202601160131,是,否
WSGF-SF-202601160136,售前服务-中国移动通信集团广东有限公司肇庆分公司-202601160136,是,否
WSGF-SF-202601160150,售前服务-天津港（集团）有限公司-202601160150,是,否
WSGF-SF-202601160158,售前服务-中国银联股份有限公司-202601160158,是,是
WSGF-SF-202601160161,售前服务-广东博罗农村商业银行股份有限公司-202601160161,是,否
WSGF-SF-202601160162,售前服务-作业帮教育科技（北京）有限公司-202601160162,是,否
WSGF-SF-202601160163,售前服务-新华资产管理股份有限公司-202601160163,是,否
WSGF-SF-202601160165,售前服务-中国国际金融股份有限公司-202601160165,是,否
WSGF-SF-202601160179,售前服务-国家管网集团浙江省天然气管网有限公司-202601160179,是,否
WSGF-SF-202601160198,售前服务-天津市数据发展中心-202601160198,是,否
WSGF-SF-202601160202,售前服务-中国证券投资基金业协会-202601160202,是,否
WSGF-SF-202601160208,售前服务-舟山市大数据发展管理局-202601160208,是,否
WSGF-SF-202601160233,售前服务-建信住房服务有限责任公司-202601160233,是,否
WSGF-SF-202601160239,售前服务-中国移动通信集团广东有限公司-202601160239,是,否
WSGF-SF-202601160247,售前服务-中国移动通信集团有限公司广东分公司-202601160247,是,否
WSGF-SF-202601160274,售前服务-建信信托有限责任公司-202601160274,是,否
WSGF-SF-202601160277,售前服务-中国民生银行股份有限公司-202601160277,是,否
WSGF-SF-202601160280,售前服务-中国移动通信集团广东有限公司广州分公司-202601160280,是,否
WSGF-SF-202601160288,售前服务-中国民生银行股份有限公司-202601160288,是,否
WSGF-SF-202601160300,售前服务-北京银行股份有限公司北京分行-202601160300,是,否
WSGF-SF-202601160305,售前服务-上海浦东发展银行股份有限公司-202601160305,是,否
WSGF-SF-202601160311,售前服务-中共杭州市委网络安全和信息化委员会办公室-202601160311,是,否
WSGF-SF-202601160317,售前服务-中国电信股份有限公司-202601160317,是,否
WSGF-SF-202601160318,售前服务-中国电信股份有限公司广东分公司-202601160318,是,是
WSGF-SF-202601160319,售前服务-中国太平洋保险（集团）股份有限公司-202601160319,是,否
WSGF-SF-202601160320,售前服务-中国工商银行巴拿马分行-202601160320,是,否
WSGF-SF-202601160321,售前服务-工银理财有限责任公司-202601160321,是,否
WSGF-SF-202601160332,售前服务-交通银行股份有限公司北京市分行-202601160332,是,否
WSGF-SF-202601160333,售前服务-交通银行股份有限公司黑龙江省分行-202601160333,是,否
WSGF-SF-202601160336,售前服务-北京市公安局东城分局-202601160336,是,是
WSGF-SF-202601160339,售前服务-天翼安全科技有限公司-202601160339,是,否
WSGF-SF-202601160341,售前服务-上海天华信息发展公司-202601160341,是,否
WSGF-SF-202601160342,售前服务-交通银行股份有限公司深圳分行-202601160342,是,否
WSGF-SF-202601160343,售前服务-交通银行股份有限公司安徽省分行-202601160343,是,否
WSGF-SF-202601160344,售前服务-交通银行股份有限公司宁夏回族自治区分行-202601160344,是,否
WSGF-SF-202601160348,售前服务-中证信息技术服务有限责任公司-202601160348,是,否
WSGF-SF-202601160349,售前服务-中国工商银行股份有限公司苏州分行-202601160349,是,否
WSGF-SF-202601160355,售前服务-杭州市人民政府对外联络办公室-202601160355,是,否
WSGF-SF-202601160360,售前服务-交通银行股份有限公司湖南省分行-202601160360,是,否
WSGF-SF-202601160385,售前服务-河北张河湾蓄能发电有限责任公司-202601160385,是,否
WSGF-SF-202601160396,售前服务-交通银行股份有限公司广东省分行-202601160396,是,否
WSGF-SF-202601160397,售前服务-交通银行股份有限公司福建省分行-202601160397,是,否
WSGF-SF-202601160398,售前服务-交通银行股份有限公司河南省分行-202601160398,是,否
WSGF-SF-202601160399,售前服务-交通银行股份有限公司山西省分行-202601160399,是,否
WSGF-SF-202601160407,售前服务-交通银行股份有限公司新疆维吾尔自治区分行-202601160407,是,否
WSGF-SF-202601160408,售前服务-交通银行股份有限公司浙江省分行-202601160408,是,否
WSGF-SF-202601160411,售前服务-交通银行股份有限公司河北省分行-202601160411,是,否
WSGF-SF-202601160413,售前服务-交通银行股份有限公司重庆市分行-202601160413,是,否
WSGF-SF-202601160419,售前服务-中国工商银行（秘鲁）有限公司-202601160419,是,否
WSGF-SF-202601160429,售前服务-网联清算有限公司-202601160429,是,否
WSGF-SF-202601160431,售前服务-北京中关村银行股份有限公司-202601160431,是,否
WSGF-SF-202601160447,售前服务-中国共产党河北省纪律检查委员会（河北省监察委员会）-202601160447,是,否
WSGF-SF-202601160448,售前服务-交通银行股份有限公司上海市分行-202601160448,是,否
WSGF-SF-202601160449,售前服务-交通银行股份有限公司云南省分行-202601160449,是,否
WSGF-SF-202601160477,售前服务-中国工商银行股份有限公司云南省分行-202601160477,是,否
WSGF-SF-202601160484,售前服务-交通银行股份有限公司江苏省分行-202601160484,是,否
WSGF-SF-202601160507,售前服务-交通银行股份有限公司青岛分行-202601160507,是,否
WSGF-SF-202601160508,售前服务-交通银行股份有限公司海南省分行-202601160508,是,否
WSGF-SF-202601160510,售前服务-交通银行股份有限公司无锡分行-202601160510,是,否
WSGF-SF-202601160524,售前服务-ss-foshan-202601160524,是,否
WSGF-SF-202601160527,售前服务-建银工程咨询有限责任公司-202601160527,是,否
WSGF-SF-202601160540,售前服务-交通银行股份有限公司天津市分行-202601160540,是,否
WSGF-SF-202601160543,售前服务-中国邮政储蓄银行股份有限公司内蒙古自治区分行-202601160543,是,否
WSGF-SF-202601160545,售前服务-宁波银行股份有限公司-202601160545,是,否
WSGF-SF-202601160552,售前服务-交通银行股份有限公司内蒙古自治区分行-202601160552,是,否
WSGF-SF-202601160582,"售前服务-Industrial and commercial bank of China limited,singapore branch-202601160582",是,否
WSGF-SF-202601160587,售前服务-中国工商银行(泰国)股份有限公司-202601160587,是,否
WSGF-SF-202601160588,售前服务-中国工商银行阿布扎比分行-202601160588,是,否
WSGF-SF-202601160593,售前服务-中国工商银行奥地利有限公司-202601160593,是,否
WSGF-SF-202601160607,售前服务-成方金融信息技术服务有限公司-202601160607,是,否
WSGF-SF-202601160608,售前服务-中国铁路沈阳局集团有限公司-202601160608,是,否
WSGF-SF-202601160610,售前服务-中国工商银行（欧洲）有限公司米兰分行-202601160610,是,否
WSGF-SF-202601160612,售前服务-国家外汇管理局-202601160612,是,否
WSGF-SF-202601160631,售前服务-北京银行股份有限公司信用卡中心-202601160631,是,否
WSGF-SF-202601160672,售前服务-中国移动通信集团广东有限公司清远分公司-202601160672,是,否
WSGF-SF-202601160680,售前服务-中共临海市委宣传部-202601160680,是,否
WSGF-SF-202604150199,售前服务-中国移动通信集团上海有限公司-202604150199,是,是
WSGF-SF-202604150202,售前服务-中国移动通信集团上海有限公司-202604150202,是,是
WSGF-SF-202604150212,售前服务-中国移动通信集团上海有限公司-202604150212,是,是
